1398963,Eachine,Eachine Tyro79 140mm 3 Inch DIY Version FPV Racing RC Drone F4 OSD 20A BLHeli_S 40CH 200mW 700TVL FPV Camera,143.42,1788,4.9
1153989,Eachine,Eachine Wizard X220S FPV Racer RC Drone Omnibus F4 5.8G 40CH 30A Dshot600 800TVL Flysky FS-i6X RTF - Mode 2 (Left Hand Throttle),358.58,1653,4.9
1594480,iFlight,iFlight TITAN DC5 V1.4 6S w/Caddx Air Unit Polar Digital HD BNF Build-in DJI Receiver FPV HD Goggle V2 FPV Racing RC Drone - TITAN DC5 Drone,599.82,107,4.9
1596521,Eachine,Eachine Novice-III V2 135mm 2-3S 3 Inch FPV Racing Drone RTF & Fly more w/ 5.8G 40CH EV800 Goggles 2.4GHz Jumper T-lite CC2500 Radio Transmitter Caddx Ant ECO 2.1mm Cam - RTF 2x Battery Version,465.51,361,4.8
1375328,Emax,Emax Tinyhawk Indoor FPV Racing Drone BNF RTF F4 4in1 3A 15000KV 37CH 25mW 600TVL VTX 1S - BNF,125.17,1065,4.9
1529741,iFlight,iFlight Nazgul5 227mm 4S 5 Inch FPV Racing Drone BNF/PNP SucceX-E F4 Caddx Ratel / RaceCam R1 Cam 45A BLheli_S ESC 2207 2750KV Motor - Without receiver,286.86,720,5.0
1357971,Happymodel,Happymodel Mobula7 V2 75mm Crazybee F4 Pro V2 2S Whoop FPV Racing Drone w/ Upgrade BB2 ESC 700TVL BNF - Basic Version Compatible DSM2/DSMX Receiver,137.65,1689,4.9
1546716,Eachine,Eachine Tyro69 105mm F4 OSD 2.5 Inch 2-3S DIY FPV Racing Drone PNP w/ Caddx Beetel V2 1200TVL Camera,127.78,430,4.9
1529739,iFlight,iFlight Nazgul5 227mm 6S 5 Inch FPV Racing Drone BNF/PNP SucceX-E F4 Caddx Ratel / RaceCam R1 Cam 45A BLheli_S ESC 2207 1800KV Motor - Without receiver,286.86,560,5.0
1640609,Eachine,21g Eachine UZ65 65mm 1S Whoop FPV Racing Drone BNF Runcam Nano3 35mm Propeller 5.8G 25~100mW VTX - Internal SPI Frsky Receiver,121.26,371,4.9
1627316,Emax,EMAX Tinyhawk II 75mm 1-2S Whoop FPV Racing Drone RTF FrSky D8 Runcam Nano2 Cam 25/100/200mw VTX 5A Blheli_S ESC,299.90,433,4.9
1674256,Happymodel,27g Happymodel Mobula6 HD M6 65mm Crazybee F4 Lite 1S Whoop FPV Racing Drone BNF w/ Runcam Split3-lite 1080P HD DVR Camera - Compatible Frsky D8 Receiver,174.72,365,4.9
1683536,Emax,Emax Tinyhawk II Freestyle 2.5 Inch FPV Racing Drone BNF Frsky D8 F4 FC 5A ESC 1103 Motor Runcam Nano 2 Camera 200mW VTX,182.54,489,4.9
1596918,Happymodel,Only 20g Happymodel Mobula6 65mm Crazybee F4 Lite 1S Whoop FPV Racing Drone BNF w/ Runcam Nano 3 Camera - 25000KV FrSky Receiver,134.30,726,4.9
1427239,Eachine,Eachine Tyro109 210mm DIY 5 Inch FPV Racing Drone PNP w/ F4 30A 600mW VTX Caddx Turbo Eos2 1200TVL Camera,196.89,512,4.9
1386071,Eachine,Eachine TRASHCAN 75mm Crazybee F4 PRO OSD 2S Whoop FPV Racing Drone Caddx Eos2 Adjustable Camera 25/200mW VTX - Without receiver,149.96,1985,4.9
1615887,Emax,EMAX Tinyhawk II 75mm 1-2S Whoop FPV Racing Drone BNF FrSky D8 Runcam Nano2 Cam 25/100/200mw VTX 5A Blheli_S ESC,182.54,522,4.9
1338893,Eachine,Eachine Tyro99 210mm DIY Version FPV Racing RC Drone F4 OSD 30A BLHeli_S 48CH 200mW VTX 700TVL Camera,174.72,1118,4.9
1155399,Eachine,Eachine Wizard X220S FPV Racer RC Drone Omnibus F4 5.8G 40CH 30A Dshot600 2206 2300KV 800TVL CCD ARF,262.09,673,4.9
1525150,Eachine,Eachine Tyro129 280mm F4 OSD DIY 7 Inch FPV Racing Drone PNP w/ GPS Runcam Nano 2 FPV Camera,225.57,562,4.9
1472791,GEPRC,GEPRC PHANTOM Toothpick Freestyle 125mm 2-3S FPV Racing Drone BNF/PNP F4 OSD 12A ESC 1103 Motor IRC Tramp - Without receiver,208.62,216,5.0
1707911,Eachine,Eachine US65 DE65 PRO 65mm 1-2S Brushless Whoop FPV Racing Drone BNF CrazybeeX F4 FC CADDX ANT Cam 0802 14000KV Motor - US65 Pro FrSky R-XSR Receiver,125.17,283,4.9
1077100,Eachine,Eachine Wizard X220 FPV Racing RC Drone Blheli_S F3 5.8G 40CH 200MW 700TVL Camera w/ FlySky I6 RTF - Mode 1 (Right Hand Throttle),292.91,1321,4.9
1085802,Eachine,Eachine Wizard X220 FPV Racing RC Drone Blheli_S F3 6DOF 2205 2300KV Motors 5.8G 40CH 200MW VTX ARF,197.98,1189,4.9
1544254,Emax,EMAX Tinyhawk Freestyle 115mm 2.5inch F4 5A ESC FPV Racing RC Drone BNF Version,136.90,387,4.9
1644592,Emax,EMAX Tinyhawk II RACE 90mm 2S FPV Racing RC Drone F4 5A 7500KV RunCam Nano2 700TVL 37CH 25/100/200mW VTX,161.68,87,5.0
1609704,Flywoo,Flywoo Vampire2 HD 210mm F7 Bluetooth 4S 5 Inch FPV Racing Drone BNF w/ Caddx Air Unit HD Digital System - BNF-DJI Titanium,586.78,20,4.9
1597997,Eachine,Eachine Tyro89 DIY 115mm F4 2.5 Inch Toothpick FPV Racing Drone PNP w/ Caddx Turbo Eos2 1200TVL Camera,155.16,129,4.9
1602338,HGLRC,HGLRC Sector132 4K 132mm F4 3-4S 2.5-3 Inch FPV Racing Drone PNP BNF w/ Caddx Tarsier 4K V2 Camera - Flysky FS-A8S V2,285.56,41,4.9
1609705,Flywoo,Flywoo Vampire2 HD 210mm F7 Bluetooth 6S 5 Inch FPV Racing Drone BNF w/ Caddx Air Unit & DJI FPV Goggles V2 - BNF-DJI,586.78,10,5.0
1378797,Eachine,Eachine Wizard X220HV 6S FPV Racing RC Drone PNP w/ F4 OSD 45A 40CH 600mW Foxeer Arrow Cam,234.70,304,4.9
1678590,iFlight,iFlight BumbleBee HD V3 4S 6S HD 3 Inch CineWhoop FPV Racing Drone BNF w/ Caddx Polar Vista + DJI FPV Goggles V2 - 4S,1541.29,8,5.0
1696989,GEPRC,GEPRC Thinking P16 4K 40mm 3S Cinewhoop Whoop FPV Racing Drone PNP/BNF Caddx Loris Cam F4 12A ESC 1103 8000KV - Without receiver,285.57,5,4.8
1259022,Eachine,Eachine Wizard TS215 FPV Racing RC Drone F4 5.8G 72CH 40A BLHeli_32 720P DVR RunCam Swift 2 BNF PNP - PNP without receiver,263.39,198,4.9
1694845,GEPRC,GEPRC Thinking P16 HD 40mm 3S Cinewhoop Whoop FPV Racing Drone PNP/BNF Caddx Vista Nebula Cam F4 12A ESC 1103 8000KV compatible DJI - Without receiver,391.18,51,4.9
1589802,GEPRC,Geprc SKIP HD 3 118mm F4 3-4S 3 Inch Toothpick FPV Racing Drone BNF w/ Caddx Baby Turtle V2 1080P Camera,243.83,76,4.9
1356738,Eachine,Eachine Wizard TS130 FPV Racing Drone PNP Omnibus F4 OSD 20A Dshot600 40CH Smart Audio 200mW VTX,182.54,112,5.0
1614670,DIATONE,DIATONE MXC TAYCAN 349/369 3 Inch 158mm 4S/6S Cinewhoop FPV Racing Drone PNP RUNCAM NANO2 - 4S,305.12,53,4.9
1659531,iFlight,iFlight TITAN XL5 HD 250mm F7 50A ESC 4S 5 Inch FPV Racing Drone BNF with Caddx Nebula Nnao Digital System & GPS - BNF-Vista,646.76,18,5.0
1645052,DIATONE,Diatone MXC TAYCAN V1.1 DUCT 3 Inch Freestyle 158mm F4 4S / 6S FPV Racing Drone PNP Cinewhoop NO DJI Air UNIT Version Power Kit - 4S,203.99,6,4.3
1418831,Happymodel,Happymodel Mobula7 HD 2-3S 75mm Crazybee F4 Pro V3.0 Flight Controller AIO 10A ESC CineWhoop FPV Racing Drone PNP BNF w/ 1102 9000KV Motor Runcam Splite3 Lite Camera - Without receiver,153.99,244,4.9
1659530,iFlight,iFlight TITAN XL5 HD 250mm F7 50A ESC 6S 5 Inch FPV Racing Drone BNF with Caddx Vista Nebula Nano HD Digital System & GPS Module - BNF-DJI,496.99,63,4.9
1672891,Eachine,Eachine LAL 5style 220mm 6S Freestyle 5 Inch FPV Racing Drone PNP/BNF F4 Bluetooth FC Caddx Ratel 2307 1850KV Motor 50A Blheli_32 ESC - Frsky XM+ Receiver,204.99,55,4.9
1621599,Kingkong,LDARC DJ220/DJ220-Digital PNP 219MM 5inch 4S Cinewhoop FPV Racing Drone RC Quadcopter Configure DJI FPV Digital - DJ220(No Cam+VTX),188.99,11,5.0
1591311,GEPRC,GEPRC CineQueen 4K 3inch Hybrid CineWhoop HD STABLE F4 5.8g 500mW VTX FPV Racing RC Drone PNP BNF - Frsky XM+ Receiver,312.99,27,4.9
1576903,GEPRC,Geprc Mark4 HD5 224mm SPAN F7 BT 5 Inch 4S / 6S FPV Racing Drone PNP BNF w/ Caddx Nebula Nano Digital System - 6S Without receiver,429.99,20,4.9
1614663,DIATONE,DIATONE MXC TAYCAN 349/369 3 Inch 158mm 4S/6S Cinewhoop FPV Racing Drone BNF Frsky R-XSR RUNCAM NANO2 - 4S,233.99,61,4.9
1615313,GEPRC,GEPRC Dolphin 153mm 4S 4Inch FPV Racing RC Drone Tootkpick BNF/PNP Caddx Turbo EOS2 5.8G RHCP GEP-20A-F4 AIO - Frsky XM+ Receiver,264.69,26,5.0
1576901,iFlight,iFlight TITAN DC5 4S 222mm 5Inch Compitable with DJI Air Unit PNP BNF HD 720p 120fps FPV Racing RC Drone - PNP-NON DJI,632.43,29,4.9
1626457,GEPRC,GEPRC ROCKET Plus 112mm 2 Inch 4S Cinewhoop FPV Racing Drone w/ DJI FPV Air Unit HD BNF - BNF-DJI,399.99,36,4.9
1684643,iFlight,iFlight Alpha A85 HD 85mm 2Inch 4S Whoop w/Caddx Nebula Digital HD System SucceX-D 20A F4 Whoop AIO FPV Racing Drone - PNP ( Built-in DJI Receiver),319.99,47,4.8
1591301,GEPRC,GEPRC CineQueen 4K 3inch Tarsier V2 CineWhoop 3~4S 5.8G 500mW VTX FPV Racing RC Drone - Without receiver,279.99,30,5.0
1718751,Emax,EMAX Tinyhawk II Freestyle 2.5 Inch 115mm Wheelbase FPV Racing Drone RTF Frsky D8 Runcam Nano 2 Camera 200mW VTX 5A ESC,219.99,233,4.9
1710239,HGLRC,HGLRC Sector 5 V3 6S Freestyle FPV Racing Drone Caddx Ratel Version PNP/BNF Zeus F722 MT VTX 800MW 2306.5 1900KV Motor - Without receiver,271.99,64,4.9
1692524,Holybro,Holybro Kopis Mini CADDX VISTA Version 3 Inch 4S FPV Racing Drone PNP F7 FC 45A ESC Digital HD System for DJI,334.99,2,5.0
1668391,iFlight,iFlight TITAN XL5 250mm 6S FPV Racing RC Drone PNP/BNF Freestyle SucceX-E F4 45A 4In1 ESC XING 2208 Motor - Without receiver,524.18,14,4.9
1692974,iFlight,iFlight Alpha A85 Indoor 2 Inch 4S FPV Racing Drone w/Turtle 800TVL Camera SucceX-D 20A F4 Whoop AIO - FlySky XR602 Receiver,200.99,12,5.0
1710285,DIATONE,Diatone MXC TAYCAN 349 3 Inch 4S Cinewhoop Duct FPV Racing Drone BNF Frsky R-XSR w/ SW2812 Led RUNCAM NANO2 Cam F405 MINI MK3 FC 25A ESC,240.99,2,5.0
1582956,GEPRC,GEPRC CineKing 95mm 4S 2Inch 4K RunCam Hybrid 4K HD FPV Racing RC Drone PNP BNF - Frsky XM+ Receiver,267.99,4,4.8
1710341,HGLRC,HGLRC Sector 5 V3 6S Freestyle FPV Racing Drone HD Version PNP/BNF Zeus F722 w/Caddx Air Unit 2306.5 1900KV Motor - PNP ( Built-in DJI Receiver),444.99,8,4.8
1262460,Kingkong,LDARC 200GT 200mm F4 OSD FPV Racing Drone PNP w/ BLheli_S 5.8G 16CH 25mW 100mW VTX 600TVL,184.99,144,4.8
1626462,GEPRC,Geprc Rocket Lite 112mm F4 4S 2 Inch Cinewhoop FPV Racing Drone PNP BNF w/ Caddx Vista Nebula Nano HD Digital System - PNP ( Built-in DJI Receiver),343.99,15,5.0
1598498,GEPRC,Upgrade Geprc Mark4 4K 224mm Span F7 4S 5 Inch FPV Racing Drone PNP BNF w/ Caddx Tarsier 4K V2 Camera - Frsky XM+ Receiver,331.35,9,5.0
1210910,Kingkong,KINGKONG/LDARC FPV EGG V2 136mm RC Racing Drone BNF W/ F3 4in1 12A BLehil_S 25mW/100mW 16CH 600TVL - Compatible FS-RX2A PRO Receiver,159.99,44,5.0
1650248,Holybro,Holybro Kopis Mini Analog VTX Version 148.6mm F7 3 Inch FPV Racing Drone PNP BNF w/ Foxeer MicroRazer Camera - Frsky R-XSR Receiver,302.83,3,5.0
1710212,HGLRC,HGLRC Sector 5 V3 4S Freestyle FPV Racing Drone Caddx Ratel Version PNP/BNF Zeus F722 MT VTX 800MW 2306.5 2550KV Motor - Without receiver,375.53,12,4.9
1668567,iFlight,iFlight TITAN XL5 250mm 4S FPV Racing RC Drone PNP/BNF Freestyle SucceX-E F4 45A 4In1 ESC XING 2208 Motor - Without receiver,524.18,1,5.0
1164224,Kingkong,KINGKONG/LDARC FLY EGG V2 130 130mm RC FPV Racing Drone w/ F3 12A 4in1 Blheli_S 16CH 800TVL PNP BNF - Compatible DSM2 Receiver,174.46,148,4.9
1711395,DIATONE,Diatone MXC TAYCAN 369 SW2812 LED DUCT 3 Inch 6S Freestyle CineWhoop FPV Racing Drone BNF w/ Runcam Nano 2 Camera,327.28,2,5.0
1611283,FullSpeed,NameLessRC&Kabafpv PowerStick 110mm 3-4S FPV Racing RC Drone Runcam Nano2 Amax Motor AIO412T - Compatible Flysky Receiver,198.19,1,5.0
1618754,GEPRC,GEPRC CineRun HD3 3 Inch 3-4S CineWhoop FPV Racing Drone BNF DJI FPV Air Unit F7 FC 35A ESC 1404 3850KV Motor - BNF-DJI,521.58,2,5.0
1610518,Flywoo,Flywoo Mr.Croc-HD 285mm 7 Inch 6S F4 Bluetooth FPV Racing Drone w/ Caddx Air Unit - BNF-DJI,691.09,9,4.9
1563398,Kingkong,LDARC ET75 FPV 74mm F4 OSD 3S FPV Racing Drone PNP BNF w/ 200mW VTX Runcam Nano 2 Camera - Without receiver,170.81,3,5.0
1615312,GEPRC,GEPRC RUN HD3 3Inch 155mm 4S H-type w/DJI Air Unit PNP/BNF FPV Racing RC Drone 720P 120fps FPV - Without receiver,505.93,3,5.0
1151830,Kingkong,KINGKONG/LDARC 110GT 117mm RC FPV Racing Drone with F3 4in1 10A Blheli_S 25mW 16CH 800TVL BNF - Compatible Flysky Receiver,157.77,29,4.7
1325019,FullSpeed,FullSpeed FSD Leader 3 130mm FPV Racing RC Drone F4 OSD 28A BLHeli_S Dshot600 48CH 600mW Caddx Micro F2 PNP,192.98,14,4.6
1559848,GEPRC,Geprc CineStyle 4K 144mm Stable Pro F7 3 Inch FPV Racing Drone PNP BNF w/ 500mW VTX Caddx 4K Tarsier Camera - FrSky R-XSR Receiver,425.08,15,4.7
1603826,Holybro,Holybro Kopis 149mm 3 Inch 4S CineWhoop FPV Racing Drone compatible DJI FPV Air Unit Kakute F7 HDV FC Tekko32 45A ESC 1507 3800KV Motor,238.99,7,4.9
1563397,Kingkong,LDARC ET75 HD 74mm F4 OSD 3S FPV Racing Drone PNP BNF w/ Caddx Turtle V2 1080P Camera - Without receiver,181.99,2,5.0
1680095,iFlight,iFlight TITAN XL5 HD 250mm F7 GPS 5 Inch 4S / 6S FPV Racing Drone w/ Caddx Vista Nebula Nano V2 & DJI V2 FPV Goggles - 4S,948.99,15,5.0
1366576,FullSpeed,FullSpeed Leader 2.5SE 120mm FPV Racing Drone PNP F3 OSD 28A BLHELI_S 2-4S 600mW Caddx Micro F2,191.67,1,5.0
1151825,Kingkong,KINGKONG/LDARC 95GT 95mm RC FPV Racing Drone with F3 4in1 10A Blheli_S 25mW 16CH 800TVL BNF - BNF Compatible DSM2/DSMX Receiver,124.99,67,4.9
1685745,Spc Maker,SPCMaker Bat78 HD 78mm F4 AIO 20A ESC 1103 8000KV 3-4S/ 11000KV 2-3S Whoop FPV Racing Drone PNP BNF w/ RunCam Split 3 Nano Whoop 1080P Camera - 11000KV AC900 Receiver,184.99,8,4.8
1366575,FullSpeed,FullSpeed Leader 2.5 120mm FPV Racing Drone PNP F3 OSD 28A BLHELI_S 2-4S 600mW Caddx Micro F2,141.99,1,5.0
1685769,Spc Maker,SPCMaker Bat78 78mm F4 AIO 20A ESC 1103 8000KV 3-4S/ 11000KV 2-3S Whoop FPV Racing Drone PNP BNF w/ RunCam Nano 2 Camera - 11000KV DSMX Pro receiver,129.99,7,4.7
1332592,FullSpeed,FullSpeed Leader 3SE 130mm FPV Racing Drone PNP F411 28A BLHELI_S 25/100/200/400/600mW VTX,183.85,14,5.0
1439466,Spc Maker,SPC Maker Mini Whale 78mm F4 FPV Racing Drone PNP BNF w/ 25/100mW VTX Runcam Robin Camera - Without receiver,148.64,17,5.0
1485841,GEPRC,GEPRC CinePro 4K HD 3-4S FPV Racing Drone Basic Version PNP/BNF F405 FC Caddx Tarsier 4K 30A ESC 5.8G 48CH 0~500mW VTX - DSMX/DSM2 R720X,275.99,35,4.9
1414016,GEPRC,GEPRC GEP-Crocodil GEP-LC7-1080P 315mm 7 Inch 6S RC FPV Racing Drone Betaflight F4 50A Runcam Split 2S 1080P - Compatible FrSky XM+ Receiver,321.99,18,4.9
1327574,Kingkong,LDARC KK 220 F4 OSD 20A BL_S FPV Racing Drone PNP w/ 25/100/200mW VTX Runcam Swift Mini FPV Camera,217.99,13,4.9
1720214,iFlight,iFlight TurboBee 160RS 165mm Wheelbase 4Inch FPV Racing Drone PNP/BNF SucceX Micro V1.5 15A 4IN1 ESC XING 1404 3800KV Motor - FrSky R-XSR Receiver,206.99,9,5.0
1622775,Flywoo,FLYWOO XBOT65/XBOT65-HD 103mm 4S 65MM FPV Racing RC Drone Toothpick BNF RUNCAM NANO 5.8G RHCP GOKU411 BLHELI 13A IRC Tramp VTX NIN 1103 MOTOR - Split 3 Nano HD,204.99,2,5.0
1686393,iFlight,iFlight Alpha A85 85mm 5.8G 2Inch 4S FPV Racing RC Drone BNF w/Caddx Loris 4K Camera SucceX-D 20A Whoop F4 AIO - FlySky XR602 Receiver,231.99,6,4.8
1494638,GEPRC,GEPRC Mark3 H5 225mm 5 Inch 2-5S FPV Racing Drone BNF/PNP SPAN F4 40A Blheli_S DSHOT600 ESC 25~600mW VTX Caddx Ratel Cam - FrSky R-XSR Receiver,306.08,4,5.0
1428593,GEPRC,Geprc Cygnet3 Pro 145mm FPV Racing Drone PNP BNF w/ Stable F4 1507 Motor Runcam Split Mini 2 1080P Camera - Frsky R9 MM receiver,349.20,28,4.9
1663606,HGLRC,"HGLRC Sector132 HD Caddx Vista Version 132mm 3"" 4S FPV Racing RC Drone Zeus35 AIO ESC 1106 Motor - FrSky R9MM Receiver",414.65,12,5.0
1164216,Kingkong,KINGKONG/LDARC FLY EGG V2 100 100mm RC FPV Racing Drone F3 12A 4in1 Blheli_S 25/100MW 800TVL PNP BNF - Compatible FS-RX2A PRO Receiver,174.46,118,4.8
1581294,Holybro,Holybro Kopis2 HDV 5 Inch 6S FPV Racing Drone PNP Kakute F7 FC DJI FPV Air Unit 1080p 40A Blheli_32 ESC - DJI Air Unit not included,348.15,7,5.0
1560477,GEPRC,GEPRC CineKing 4K 95mm 2S 2 Inch FPV Racing Drone BNF/PNP 1103 8000KV Motor F4 FC OSD 12A BLheli_S ESC Caddx Tarsier HD Cam - NANO RX (SE) T Receiver,314.24,1,5.0
1370955,BETAFPV,BetaFPV Beta75X HD 75mm F4 AIO 12A ESC 3S Whoop FPV Racing Drone BNF w/ 1103 8000KV Motor 25/200mW VTX Caddx Turtle V2 1080P Camera - Compatible Frsky EU-LBT Receiver,201.99,15,4.9
1573723,FullSpeed,NameLessRC N47 105mm F4 2.5 Inch 2-3S FPV Racing Drone PNP BNF w/ 400mW VTX Caddx EOS2 Camera - Flysky FS-RX2A,127.99,1,5.0
1665141,GEPRC,GEPRC CineGO HD VISTA DJI 4S 155mm FPV Racing RC Drone PNP/BNF GR1507 Motor 3600KV 3052 Prop - PNP ( Built-in DJI Receiver),562.00,3,5.0
1662555,HGLRC,HGLRC Sector132 HD 132mm 4S FPV Racing RC Drone DJI Air Unit Version Zeus35 AIO Flight Controller - FS-A8S V2 Receiver,406.83,2,5.0
1665161,GEPRC,GEPRC CineGO HD VISTA DJI 6S 155mm FPV Racing RC Drone Novice PNP/BNF GR1507 Motor 2800KV 3052 Prop - Frsky XM+ Receiver,576.34,9,5.0
1598495,GEPRC,GEPRC SKIP HD 105mm 2.5inch ToothPick 3S RC Drone PNP/BNF RunCam Split 3 Nano 5.8G 200mW VTX - Frsky XM+ Receiver,264.69,2,5.0
1367115,T-MOTOR,T-MOTOR FALCON 15 95mm FPV Racing Drone PNP F3 Built-in Barometer 15A 5.8GHz 25mW with Smart Audio,152.99,1,5.0
1516256,FullSpeed,FullSpeed Toothpick PRO 120mm 2.5mm Bottom Plate F4 FPV Racing Drone PNP BNF w/ Caddx Micro F2 - TBS Crossfire Nano RX,173.99,6,5.0
1803802,iFlight,iFlight Alpha A75 Analog 78mm SucceX-D 20A Whoop F4 AIO 3S CineWhoop FPV Racing Drone PNP BNF w/ 5.8G 300mW VTX Runcam Nano 2 Camera - Without Receiver,151.99,3,5.0
1848212,iFlight,iFlight Protek35 Analog 3.5 Inch 6S Cinewhoop FPV Racing Drone Yellow PNP/BNF RaceCam R1 Mini Cam Succex Micro Force 5.8G 300mW VTX 2205 2300KV Motor Beast AIO F7 45A FC ESC - Without Receiver - Without Receiver,339.02,12,4.8
1848217,iFlight,iFlight ProTek35 HD 3.5 Inch 6S Cinewhoop Yellow FPV Racing Drone PNP/BNF Nebula Nano Digital HD System 2205 2300KV Motor Beast AIO F7 45A FC ESC - BNF-DJI,560.70,8,5.0
1875972,GEPRC,GEPRC SMART 35 HD 3.5 Inch 4S Micro Freestyle Toothpick FPV Racing Drone Caddx Polar Vista Digital HD System GEP-F411-35A GR1404 3850KV Sub250 - BNF-DJI,349.99,3,5.0
1877038,GEPRC,GEPRC CineLog30 Analog 126mm 3 Inch 4S FPV Racing Drone PNP BNF w/ F4 AIO 35A ESC 600mW VTX Caddx Ratel 2 1200TVL Camera - Without Receiver,219.99,9,5.0
1877041,GEPRC,GEPRC CineLog30 HD Under 250g 126mm 4S 3 Inch FPV Racing Drone BNF w/ F4 AIO 35A ESC Caddx Polar Vista Digital System - BNF-Vista,359.99,12,5.0
1874532,HGLRC,HGLRC & RekonFPV Rekon 4 FR Analog Sub250g 180mm Zeus25 AIO F7 4S 4 Inch Freestyle FPV Racing Drone w/ 350mW VTX Caddx Ratel 2 1200TVL Camera - Without Receiver,239.99,8,4.9
1874536,HGLRC,HGLRC & RekonFPV Rekon 4 FR HD Sub250g 180mm Zeus25 AIO F7 4S 4 Inch Freestyle FPV Racing Drone w/ Caddx Polar Vista Digital System - BNF-Vista,359.99,1,5.0
1874927,BETAFPV,"BetaFPV HX115 LR 3"" 1S 126mm Toothpick FPV RC Drone F4 1S 12A AIO FC with ELRS 2.4G Receiver 1102 18000KV Motor",129.99,2,2.5
1868695,Flywoo,47g Flywoo Firefly Baby Quad Analog 80mm 1.6 Inch F4 4S FPV Racing Drone PNP BNF w/ 1202.5 5500KV Motor 450mw VTX - Without Receiver,195.58,11,4.9
1871881,HGLRC,HGLRC Racewhoop Racewhoop30 Analog 147mm Zeus F7 4S / 6S 3 Inch FPV Racing Drone PNP BNF w/ 2105.5 Motor 350mW VTX Caddx Ratel 2 1200TVL FPV Camera - 4S Without Receiver,404.22,1,5.0
1871882,HGLRC,HGLRC Racewhoop Racewhoop30 HD 147mm Zeus35 AIO F4 35A ESC 3 Inch 4S /6S FPV Racing Drone BNF w/ CADDX Vitsa Polar Digital System - 4S Without Receiver,586.78,2,5.0
1710269,DIATONE,Diatone MXC TAYCAN 349 3 Inch 4S Cinewhoop Duct FPV Racing Drone PNP w/ SW2812 Led RUNCAM NANO2 Cam F405 MINI MK3 FC 25A ESC,218.99,3,5.0
1682373,UDIRC,UDIRC U63 6-CH Induction Flight Aircraft Toys Indoor Obstacle Avoidance RC Quadcopter Drone - Orange,43.02,2,5.0
1862729,iFlight,iFlight Protek25 Pusher HD SucceX-D 20A F4 Whoop AIO V3.2 4S 2.5 Inch FPV Racing Drone BNF w/ Polar Vista Digital System sub 250g - BNF-DJI,329.99,5,4.6
1863645,iFlight,iFlight Protek25 Pusher Analog SucceX-D 20A F4 Whoop AIO V3.2 4S 2.5 Inch FPV Racing Drone BNF w/ 25-600mW VTX FPV Racecm R1 Camera - Without Receiver,229.00,1,5.0
1863875,T-MOTOR,T-MOTOR FT5 MKII HD 232mm PACER F7 4S / 6S FPV Racing Drone w/ VELOX V2 2306 Motor DJI Air Unit / Caddx Vista Polar Digital System - 4S,419.99,3,4.7
1850026,GEPRC,GEPRC SMART 35 HD 3.5 Inch 4S Micro Freestyle Toothpick FPV Racing Drone Caddx Vista Nebula Nano GEP-F411-35A GR1404 3850KV Sub250 - BNF-DJI,456.38,5,4.4
1850040,GEPRC,GEPRC SMART 35 Analog 3.5 Inch 4S Micro Freestyle FPV Racing Drone Caddx Ratel V2 Cam 600mW VTX GEP-F411-35A GR1404-3850KV Motor Sub250 - Without Receiver,318.16,5,5.0
1850223,iFlight,iFlight Mach R5 HD 215mm 6S 5 Inch FPV Racing Drone BNF w/ Beast F7 AIO 55A ESC 2506 1850KV Motor Caddx Nebula Nano Digital System - BNF-DJI,539.83,8,5.0
1850254,iFlight,iFlight Mach R5 Analog 215mm Beast F7 AIO 55A ESC 6S 5 Inch FPV Racing Drone PNP BNF w/ XING2 2506 1850KV Motor 5.8G 600mW VTX RaceCam R1 600TVL CCD Camera - 6S Without Receiver,461.59,1,5.0
1880150,Flywoo,Flywoo Explorer LR 4 V2 HD Micro Long Range FPV RC Drone Ultralight Quad Bnf w/ Caddx Polar Digital HD System - BNF-DJI,430.30,7,4.6
1881333,BETAFPV,"BetaFPV X-Knight 35 4S 3.5"" 155mm FPV Racing RC Drone Quadcopter w/Caddx Polar Vista F4 AIO 20A FC V3 - Without Receiver",456.38,1,5.0
1881715,DIATONE,Diatone Roma F5 V2 HD Version 5 Inch 4S / 6S FPV Racing Drone BNF Caddx Polar Vista GPS F722 MK2 F7 FC 50A Blheli_32 ESC 2306.5 Motor - 4S BNF-DJI,547.66,1,5.0
1882240,DIATONE,Diatone Roma F35 3.5 Inch 4S / 6S FPV Racing Drone Power Unit Version MAMBA DJI F722 MINI MK2 FC 40A Blheli_S ESC 2203.5 Motor - 4S,273.82,1,5.0
1703827,UDIRC,UDIRC D28 4.5CH RC Helicopter RTF Anti-collision for Children Outdoor Toys - Red,41.78,5,5.0
1884937,Emax,41g EMAX Nanohawk X F4 1S 3 Inch Lightweight Outdoor FPV Racing Drone BNF w/ TH12025 11000KV Motor RunCam Nano 3 Camera,182.54,22,5.0
1855138,DIATONE,Diatone ROMA F1 1.6 Inch 3S FPV Racing Drone BNF MSR D16 w/ RUNCAM NANO 2 Cam MAMBA F405MINI MK3.5 FC 30A ESC TOKA 1103 10000KV Motor,247.74,3,4.0
1913158,iFlight,iFlight Alpha A65 65mm 1S F4 AIO 5A ESC & 48CH 25mW 50mW VTX Tiny Whoop RC Drone FPV Racing w/ IF8 CC2500 2.4G Remote Controller Radio Transmitter - Mode 2 (Left Hand Throttle),208.57,1,5.0
1908617,HGLRC,HGLRC Veyron35 CR Pusher HD 155mm Wheelbase 3.5 Inch Zeus35 Pro AIO F7 4S 6S Cinewhoop Racing Drone BNF w/ AEOLUS 2105.5 Motor CADDX Vista Polar Digital System - 4S PNP,521.58,1,5.0
1900076,Flywoo,Flywoo CineRace20 HD 2 Inch 4S Racewhoop Cinewhoop FPV Racing RC Drone PNP/BNF w/Caddx Polar Nano GOKU GN 405S 20A AIO FC - BNF-DJI,391.18,3,5.0
1901019,Happymodel,40g Happymodel Crux3 1S ELRS 115mm Wheelbase 3 Inch F4 Toothpick FPV Racing Drone BNF w/ 5.8G 25-200mW VTX Caddx ANT 1200TVL Camera,155.17,2,5.0
1813288,DIATONE,Diatone ROMA L3 3 Inch 4S Power Kit FPV Racing Drone F411 AIO F4 FC 25A Blheli_S ESC 1206 3600KV Motor,245.13,1,5.0
1726151,Flywoo,Flywoo Explorer LR4 V2 HD 4S F7 4 Inch Micro Long Range FPV Ultralight Racing Drone BNF w/ Vista / Nebula Nano V2 Digital System & DJI FPV Goggles V2 - TBS Crossfire Receiver,1425.23,5,4.6
1732785,BETAFPV,BETAFPV X-Knight 5'' 6S FPV Toothpick Quad RC Drone w/ F4 35A AIO FC M02 5.8G VTX Caddx Baby Ratel Camera - Without Receiver,294.69,20,4.6
1755605,iFlight,iFlight Cidora SL5 V2.1 HD 6S 217mm F7 50A BL_32 ESC 5 Inch Freestyle Cinematic FPV Racing Drone BNF w/ 2207 1800KV Motor Caddx Nebula Nano Digital FPV System - BNF-DJI,555.48,7,5.0
1462766,Volantexrc,Volantex TrainStar Ascent 747-8 1400mm Wingspan EPO Trainer Aircraft RC Airplane KIT/PNP - PNP,272.52,224,5.0
1642321,Syma,SYMA TG1001 Land Air Dual Mode With 360° Roll Tumbling Cool Drift Coreless Motor RC Car Drone Quadcopter - One Battery,73.01,1,5.0
1823071,iFlight,iFlight Protek35 HD 3.5 Inch 4S Cinewhoop FPV Racing Drone HD w/Caddx Air Unit +DJI Goggles V2 2.4GHz/5.8Ghz,1413.50,6,4.8
1822103,iFlight,"iFlight Chimera5 LR HD 4S 5"" Long Range RC Drone Caddx Vista Polar Cam Digital HD System Beast F7 45A AIO XING 2005 2550KV Motor - PNP ( Built-in DJI Receiver)",562.00,4,5.0
1838543,BETAFPV,"BetaFPV Pavo30 3"" 4S 118mm CineWhoop HD Version FPV Racing RC Drone Nebula Nano Camera 1506 3000KV Motor - Without Receiver",430.30,11,5.0
1825016,Emax,Under 250g Emax Babyhawk II HD 155mm F4 AIO 25A ESC 4S FPV Racing Drone PNP w/ 1404 3700KV Motor Avan 3.5 Inch Propeller Caddx Polar Vista HD Digital System,443.34,12,5.0
1840805,GEPRC,GEPRC Crocodile 5 Baby 5 Inch 4S LR Analog Long Range FPV Racing Drone Caddx Ratel V2 5.8G 600mW VTX F722 AIO Flight Contoller 35A ESC GR2004 2550KV Motor - Without Receiver,327.28,2,5.0
1841168,HGLRC,HGLRC RekonFPV Rekon 4 Micro Long Range 4S FPV Racing RC Drone Analog Version F722 Mini Flight Controller 28A 4in1 ESC 1404 Motor Zeus 800mW VTX - Without Receiver,339.02,5,5.0
1841762,Flywoo,Flywoo Explorer LR 4 Pro 4S Micro Long Range Analog FPV RC Drone Caddx Ratel 2 GOKU HM600 VTX 600MW - Without Receiver,286.86,10,4.8
1842814,DIATONE,Diatone Roma F5 V2 Power Unit Version 5 Inch 4S / 6S FPV Racing Drone DJI F722 MK2 F7 Flight Controller 50A Blheli_32 ESC TOKA 2306.5 Motor - 4S,318.16,2,5.0
1821572,iFlight,iFlight Cidora SL5 V2.1 HD 6S 217mm F7 50A ESC 5 Inch Freestyle Cinematic FPV Racing Drone BNF w/ Caddx Nebula Nano Digital System & DJI FPV Goggles V2,1433.06,4,5.0
1835119,HGLRC,HGLRC Petrel 120X Pro 120mm 4S Zeus25 AIO 3 Inch Ultralight Toothpick FPV Racing Drone PNP BNF w/ 1404 4800KV Motor 25-350mW Caddx ANT 1000TVL Camera - Without Receiver,226.88,4,5.0
1837701,DIATONE,Diatone Roma L5 HD 214mm 5 Inch 4S / 6S MAMBA AIO F722 MK1 35A ESC Freestyle Longe Range FPV Racing Drone BNF w/ Caddx Vista Polar HD Digital System - 4S Without Receiver,469.42,1,5.0
1772016,iFlight,iFlight Protek35 Analog 3.5 Inch 6S Cinewhoop FPV Racing Drone PNP/BNF RaceCam R1 Mini Cam Succex Micro Force 5.8G 300mW VTX 2205 2300KV Motor Beast AIO F7 45A FC ESC - Without Receiver,352.06,13,5.0
1766246,Eachine,Eachine EX4 5G WIFI 3KM FPV GPS With 4K HD Camera 3-Axis Stable Gimbal 25 Mins Flight Time RC Drone Quadcopter RTF Black 3KM Two Battery Version,342.28,7,4.4
1893384,iFlight,25.5g iFlight 1S Baby Nazgul Nano 73mm FPV Racing Drone BNF Runcam Atom 800TVL Cam SucceX F4 1S 5A AIO with built-in D8 Receiver 50mW VTX 0802 17000KV Motor - Compatible Frsky D8 Receiver,182.54,2,3.5
1723670,BETAFPV,"Betafpv Beta95X 100mm 2.5"" 4S Tiny Whoop Quadcopter FPV Racing RC Drone w/HD Digital VTX Caddx Vista F405 1106 4500KV Motor - FUTABA Receiver",404.22,14,5.0
1899909,Flywoo,Flywoo CineRace20 2 Inch 4S Racewhoop Cinewhoop Analog Version FPV Racing RC Drone PNP/BNF 5.8G 450mW VTX Caddx Ant Camera - Without Receiver,208.62,3,4.3
1867040,HGLRC,HGLRC & RekonFPV Rekon 6 HD 242mm F7 4S 6 Inch Mini Long Range FPV Racing Drone BNF w/ 2105.5 1500KV Motor CADDX Vista Polar OR Nebula Nano System - BNF-Vista,503.32,2,5.0
1548913,Tarot,Steam 550 Pro MK55PRO 6CH 3D Flying RC Helicopter Combo Version With Main/Tail Blade Metal Tail Set,589.81,2,5.0
1892827,iFlight,iFlight Nazgul5 Evoque F5 F5X Squashed X HD 4S / 6S 5 Inch FPV Racing Drone BNF 4S Caddx Polar Vista / 6S DJI Camera Vista + DJI FPV Goggles V2 Combo - 6S,1512.60,1,2.0
1892831,iFlight,iFlight Nazgul5 Evoque F5 F5D DeadCat HD 4S / 6S 5 Inch FPV Racing Drone Caddx Polar Vista + DJI FPV Goggles V2 Combo - 4S,1511.31,2,5.0
1889890,Happymodel,Happymodel Crux35 Analog / Crux35 Digital HD 150mm 3.5 Inch 4S Ultralight FPV Racing Drone BNF w/ Caddx Nebula Nano / ANT 1200tvl Camera - Analog ELRS 2.4GHz,185.16,10,5.0
1873928,HGLRC,HGLRC Veyron30CR Analog 140mm F7 4S / 6S 3 Inch Cinewhoop FPV Racing Drone PNP BNF w/ 28A ESC 350mW VTX Caddx Ratel 2 1200TVL Camera - 4S Without Receiver,312.94,2,5.0
1873889,HGLRC,HGLRC Veyron Veyron30CR Cinewhoop HD 140mm 3 Inch FPV Racing Drone BNF w/ Zeus35 Pro AIO 35A ESC Caddx Polar Air Unit HD Digital System - 4S Without Receiver,508.54,1,5.0
1848821,XK,XK A290 F16 Fighter 320mm Wingspan 2.4G 3CH 3D/6G System EPP RC Airplane Beginner RTF,114.74,5,5.0
1888536,BETAFPV,BetaFPV Cetus Pro 1S Whoop RTF FPV Kit RC Drone w/1102-18000KV Brushless Motor+Literadio2 SE Transmitter+ VR02 Goggles,299.90,4,4.3
1888852,Happymodel,Happymodel Mobula6 ELRS 1S 65mm F4 AIO 5A ESC ELRS Receiver And 5.8G VTX Brushless Whoop FPV Racing Drone BNF w/ 0702 26000KV Motor RunCam Nano 3 Camera - 2.4GHz ELRS SPI,138.21,8,5.0
1875663,Happymodel,Happymodel Crux3 NLR Nano LR 135mm Wheelbase Long Range FPV Racing Drone w/New AIO 5in1 ELRSF4 2G4 FC CADDX ANT Camera - without GPS,177.33,7,3.9
1894161,XK,XK A210 Trojan 380mm Wingspan 2.4G 4CH 3D/6G Mode Switchable 6-Axis Gyro Aircraft Fixed Wing EPP RC Airplane RTF,142.12,1,5.0
1842761,DIATONE,Diatone Roma F5 V2 DJI Version 5 Inch 4S / 6S FPV Racing Drone BNF DJI FPV Air Unit FPV VTX Caddx Polar Cam GPS F722 MK2 F7 FC 50A Blheli_32 ESC 2306.5 Motor - 4S BNF-DJI,612.86,12,4.8
1867042,HGLRC,HGLRC Rekon 6 Analog F7 4S 6 Inch Mini Long Range FPV Racing Drone BNF w/ 2105.5 1500KV Motor 800mW VTX Caddx Ratel 2 1200TVL FPV Camera - Without Receiver,378.14,9,4.1
1913485,XK,XK K110S 6CH Brushless 3D6G System RC Helicopter RTF Compatible with FUTABA S-FHSS - with 1 Battery,164.29,1,5.0
1879346,iFlight,iFlight Nazgul5 Evoque F5 F5X Squadshed X Analog 4S / 6S 5 Inch FPV Racing Drone PNP/BNF RaceCam R1 Mini Cam SucceX-E Mini F7 FC 45A SucceX Mini ESC XING-E Pro 2207 Motor 5.8GHz 600mW VTX - 6S PNP,391.18,23,4.8
1841971,Hubsan,Hubsan ZINO Mini PRO 249g GPS 10KM FPV with 4K 30fps Camera 3-axis Gimbal 3D Obstacle Sensing 40mins Flight Time RC Drone Quadcopter RTF - With HUBSAN CARE Refresh Without Storage Bag 64GB One Battery,834.53,64,4.3
1881975,GEPRC,"GEPRC Cinelog 25 2.5"" 4S HD FPV Racing RC Drone w/Caddx Polar Vista Camera F411-20A-F4 AIO GR1404 4500kv Motor - Without Receiver",443.34,17,4.8
1336948,Kingkong,KINGKONG/LDARC Tiny Q FPV Air Boat RC Quadcopter With 5.8G 800TVL Camera F3 Flight Controller PNP - PNP RX2A PRO,69.10,3,5.0
1868671,Flywoo,59g Flywoo Firefly Baby Quad HD V1.2 80mm 1.6 Inch F7 4S FPV Racing Drone BNF w/ Caddx Vista Polar Nano Digital System - BNF-Vista,391.18,5,5.0
1884867,iFlight,iFlight Nazgul5 Evoque F5 F5D DeadCat GPS Version HD / Analog 4S / 6S 5 Inch FPV Racing Drone - Analog 6S FrSky R-XSR Receiver,456.38,11,4.9
1884885,iFlight,iFlight Nazgul5 Evoque F5 F5X Squashed X GPS Version HD/Analog 4S / 6S 5 Inch FPV Racing Drone - Analog 6S FrSky R-XSR Receiver,456.38,6,5.0
1849740,XK,XK A190 F18 F/A-18C 290mm Wingspan 2.4GHz 2CH Built-in 6-Axis Gyro EPP RC Airplane Beginner RTF,110.82,1,5.0
1899924,Flywoo,Flywoo CineRace20 Pro 2 Inch 4S Racewhoop Cinewhoop FPV Racing RC Drone Analog Version PNP/BNF HM850 850mw VTX Caddx Baby Ratel V2 Camera - Without Receiver,260.78,6,4.8
1905330,GEPRC,Geprc Cinelog35 Analog 142mm F722 AIO 35A ESC 4S / 6S 3.5 Inch FPV Racing Drone PNP BNF w/ 600mW VTX Caddx Ratel 2 1200TVL Camera - 6S Without Receiver,378.14,2,5.0
1744486,BETAFPV,BETAFPV Beta85X V2 Flip-chip Version F4 AIO 12A V2 FC 4S 1105 5000KV Motor With M02 25-350mW 5.8Ghz VTX Whoop FPV Racing Drone PNP / Frsky XM+ / DSMX / Futaba S-FHSS / TBS Crossfire - Without Receiver,217.75,28,5.0
1880308,iFlight,iFlight Nazgul5 Evoque F5 F5X Squashed X HD 4S / 6S 5 Inch FPV Racing Drone BNF Caddx Polar Vista BLITZ Mini F7 FC 55A ESC XING2 2207 Motor - 4S BNF-DJI,612.86,16,4.8
1844209,iFlight,iFlight Nazgul5 V2 5 Inch 6S Analog LED Version FPV Racing Drone BNF Caddx Ratel Cam 800mW VTX SucceX-E F4 Flight Controller 45A BLHeli_S ESC XING 2207 1800KV - Without Receiver,378.14,5,4.8
1824859,iFlight,iFlight BumbleBee V3 6S 3 Inch Cinewhoop FPV Racing Drone BNF Caddx Polar Vista / Caddx Nebula Nano True-AIO Board Beast STD F7 FC 45A ESC XING 2205 2300KV Motor - BNF-DJI,535.92,4,4.8
1669919,Wltoys,Wltoys XK X1S 5G WIFI FPV GPS With 4K HD Camera Two-axis Coreless Gimbal 22 Mins Flight Time Brushless RC Drone Quadcopter - 4K Two Batteries,279.04,36,5.0
1758057,iFlight,iFlight Chimera7 LR Analog 320mm SucceX-D F7 V2.1 5-6S 7 Inch Long Range Freestyle FPV Racing Drone BNF w/ 800mW VTX Caddx Ratel 1200TVL Camera - 1300KV Without Receiver,560.70,50,5.0
1789410,T-MOTOR,T-Motor FT5 MKII 232mm Pacer F7 50A ESC 4S / 6S 5 Inch Freestyle FPV Racing Drone PNP w/ Velox 2306 Motor NO VTX Camera 60% Drone Version - 6S,290.77,1,5.0
1771982,HGLRC,HGLRC Wind5 Lite 5Inch 6S 208mm RC FPV Racing Drone Zeus F722 MINI Flight Controller 45A BLHeli_32 3-6S 4 In 1 ESC 2207.5 Blue Motor w/Predator 5 Version Camera - Without Receiver,354.67,5,5.0
1835191,iFlight,iflight TP X5 HD 214mm 5 Inch 4S Toothpick FPV Racing RC Drone XING 2005 2550KV Motor with Caddx Nebula Nano Digital HD System - PNP ( Built-in DJI Receiver),444.64,3,5.0
1890233,XK,XK A220 P40 384mm Wingspan 2.4G 4CH 3D/6G Mode Switchable 6-Axis Gyro Aircraft Fixed Wing EPP RC Airplane RTF,129.08,4,4.0
1847910,Eachine,"Eachine&ATOMRC Seagull FPV Combo 3.5"" 4S 158mm FPV RC Drone+EACHINE T8 LITE Radio+Cobra LITE FPV Goggles - Mode 1 (Right Hand Throttle)",435.51,39,4.8
1915653,Emax,EMAX Tinyhawk III 76mm 1S Whoop FPV Racing Drone RTF Frsky_D8 Runcam Nano4 Cam F4 FC 25/100/200mw VTX EMAX E8 Transmitter Transporter 2 DVR Goggles,389.88,1,5.0
1821998,iFlight,"iFlight Chimera5 LR 4S 5"" 219mm Long Range FPV Racing RC Drone Analog Version w/Caddx.us Ratel V2 Cam SucceX-E mini F7 Stack XING 2005 Motor - Without Receiver",344.24,1,5.0
1205850,JJRC,JJRC H66 Christmas Egg WIFI FPV Selfie Drone With Gravity Sensor Mode Altitude Hold RC Quadcopter - Green,22.15,133,4.8
1836159,HGLRC,"HGLRC RekonFPV Rekon 3 Nano Long Range 1S 3"" 140mm Wheelbase FPV Racing RC Drone Zeus5 AIO CADDX Nano ANT Rekon 1202.5 11600KV Motor - Without Receiver",195.58,47,4.7
1840788,iFlight,iFlight Taurus X8 HD 400mm SucceX-D F7 TwinG V2.1 80A ESC 6S 8 Inch FPV Racing Drone BNF w/ GPS DJI Air Unit 2KG Support for DSLR Red Komodo Zcam BMPCC Cinema Camera - BNF-DJI,2188.04,1,5.0
1840781,GEPRC,GEPRC Crocodile5 Baby 5 Inch 4S LR HD Long Range FPV Racing Drone DJI Air Unit F722 AIO Flight Contoller 35A ESC GR2004 2550KV Motor - Without Receiver,563.30,5,5.0
